<?xml version="1.0" encoding="UTF-8"?>
<!DOCTYPE mapper
        PUBLIC "-//mybatis.org//DTD Mapper 3.0//EN"
        "http://mybatis.org/dtd/mybatis-3-mapper.dtd">
<mapper namespace="com.project.dao.ICollectionsDao">

<!--    查询所有-->
    <select id="findCollectionsAll" resultType="com.project.model.collections">
        select * from collections;
    </select>

<!--    根据用户id查询信息-->
    <select id="findByUserId" parameterType="INT" resultType="com.project.model.collections">
        select * from collections where user_id=#{user_id};
    </select>

<!--    根据项目id查询信息-->
    <select id="findByCollId" parameterType="STRING" resultType="com.project.model.collections">
        select * from collections where collections_id=#{collections_id};
    </select>

<!--    增添项目-->
    <insert id="saveCollection" parameterType="com.project.model.collections">
--         配置插入操作后获取数据的id
        <selectKey keyProperty="user_id" keyColumn="user_id" resultType="int" order="AFTER">
            select  last_insert_id();
        </selectKey>
        insert into collections(user_id,collections_name,collections_id,collections_interfaces_id,success,fail,remark,create_time,update_time) values (#{user_id},#{collections_name},#{collections_id},#{collections_interfaces_id},#{success},#{fail},#{remark},#{create_time},#{update_time});

    </insert>


<!--    更新项目-->
    <update id="updateCollection" parameterType="com.project.model.collections">
        update collections set collections_name=#{collections_name},collections_id=#{collections_id},collections_interfaces_id=#{collections_interfaces_id},success=#{success},fail=#{fail},remark=#{remark},update_time=#{update_time} where user_id=#{user_id};
    </update>

<!--    根据用户id删除信息-->
    <delete id="deleteCollectionByUserId" parameterType="com.project.model.collections">
        delete from collections where user_id=#{user_id}
    </delete>

<!--    根据项目id删除信息-->
    <delete id="deleteCollectionByCollectionsId" parameterType="com.project.model.collections">
        delete from collections where collections_id=#{collections_id};
    </delete>

<!--    查询项目总数-->
    <select id="findCollTotal" resultType="int">
        select count(collections_id) from collections;
    </select>
</mapper>