<?xml version="1.0" encoding="UTF-8"?>
<!DOCTYPE mapper
        PUBLIC "-//mybatis.org//DTD Mapper 3.0//EN"
        "http://mybatis.org/dtd/mybatis-3-mapper.dtd">
<mapper namespace="com.project.dao.IUserDao">

    <!-- 查询所有 -->
    <select id="findAll" resultType="com.project.model.user">
        select * from user;
    </select>

<!--    保存用户-->
    <insert id="saveUser" parameterType="com.project.model.user">
--         配置插入操作后获取数据的id
        <selectKey keyProperty="user_id" keyColumn="user_id" resultType="int" order="AFTER">
            select last_insert_id();
        </selectKey>
        insert into user(user_id,username,password) values (#{user_id},#{username},#{password});
    </insert>

<!--    更新用户-->
    <update id="updateUser" parameterType="com.project.model.user">
        update user set username=#{username},password=#{password} where user_id =#{user_id};
    </update>

<!--    删除用户-->
    <delete id="deleteUser" parameterType="com.project.model.user">
        delete from user where user_id=#{user_id}
    </delete>

<!--    根据id查询用户-->
    <select id="findById" parameterType="INT" resultType="com.project.model.user">
        select * from user where user_id=#{user_id}
    </select>

<!--    获取用户的总记录数-->
    <select id="findTotal" resultType="int">
        select count(user_id) from user;
    </select>

</mapper>